﻿<FileList>
<File Reference="InfragisticsWPF.dll">
<ToolboxItems VSCategory="Infragistics 22.2 WPF" BlendCategory="Infragistics 22.2 WPF" UIFramework="WPF">
<Item Type="Infragistics.Windows.Controls.XamCarouselListBox" />
<Item Type="Infragistics.Windows.Controls.XamCarouselPanel" />
<Item Type="Infragistics.Windows.Controls.XamTabControl" />
<Item Type="Infragistics.Controls.Interactions.XamBusyIndicator" />
</ToolboxItems>
</File>
<File Reference="Infragistics.WPF.dll">
<ToolboxItems VSCategory="Infragistics 22.2 WPF" BlendCategory="Infragistics 22.2 WPF" UIFramework="WPF">
<Item Type="Infragistics.Windows.Controls.XamCarouselListBox" />
<Item Type="Infragistics.Windows.Controls.XamCarouselPanel" />
<Item Type="Infragistics.Windows.Controls.XamTabControl" />
<Item Type="Infragistics.Controls.Interactions.XamBusyIndicator" />
</ToolboxItems>
</File>
</FileList>
