﻿<FileList>
<File Reference="InfragisticsWPF.Controls.Editors.XamSlider.dll">
<ToolboxItems VSCategory="Infragistics 22.2 WPF" BlendCategory="Infragistics 22.2 WPF" UIFramework="WPF">
<Item Type="Infragistics.Controls.Editors.XamDateTimeRangeSlider" />
<Item Type="Infragistics.Controls.Editors.XamDateTimeSlider" />
<Item Type="Infragistics.Controls.Editors.XamNumericRangeSlider" />
<Item Type="Infragistics.Controls.Editors.XamNumericSlider" />
</ToolboxItems>
</File>
<File Reference="Infragistics.WPF.Controls.Editors.XamSlider.dll">
<ToolboxItems VSCategory="Infragistics 22.2 WPF" BlendCategory="Infragistics 22.2 WPF" UIFramework="WPF">
<Item Type="Infragistics.Controls.Editors.XamDateTimeRangeSlider" />
<Item Type="Infragistics.Controls.Editors.XamDateTimeSlider" />
<Item Type="Infragistics.Controls.Editors.XamNumericRangeSlider" />
<Item Type="Infragistics.Controls.Editors.XamNumericSlider" />
</ToolboxItems>
</File>
</FileList>
