﻿<FileList>
<File Reference="InfragisticsWPF.Controls.Editors.XamColorPicker.dll">
<ToolboxItems VSCategory="Infragistics 22.2 WPF" BlendCategory="Infragistics 22.2 WPF" UIFramework="WPF">
<Item Type="Infragistics.Controls.Editors.XamColorPicker" />
</ToolboxItems>
</File>
<File Reference="Infragistics.WPF.Controls.Editors.XamColorPicker.dll">
<ToolboxItems VSCategory="Infragistics 22.2 WPF" BlendCategory="Infragistics 22.2 WPF" UIFramework="WPF">
<Item Type="Infragistics.Controls.Editors.XamColorPicker" />
</ToolboxItems>
</File>
</FileList>
